{"cameraMode":{"drawMode":0,"name":"Shaded","section":"Shading Mode"},"sceneLighting":true,"audioPlay":false,"sceneViewState":{"showFog":true,"showMaterialUpdate":false,"showSkybox":true,"showFlares":true,"showImageEffects":true,"showParticleSystems":true},"in2DMode":false,"pivot":{"x":23.221450805664064,"y":15.453727722167969,"z":4.592170715332031},"rotation":{"x":0.12254910916090012,"y":-0.047619592398405078,"z":0.005889737047255039,"w":0.9913058280944824},"size":80.49664306640625,"orthographic":true}