{"cameraMode":{"drawMode":0,"name":"Shaded","section":"Shading Mode"},"sceneLighting":true,"audioPlay":false,"sceneViewState":{"showFog":true,"showMaterialUpdate":false,"showSkybox":true,"showFlares":true,"showImageEffects":true,"showParticleSystems":true},"in2DMode":false,"pivot":{"x":344.5173034667969,"y":183.393310546875,"z":0.0},"rotation":{"x":0.12254910916090012,"y":-0.047619592398405078,"z":0.005889737047255039,"w":0.9913058280944824},"size":227.46356201171876,"orthographic":false}