{"cameraMode":{"drawMode":0,"name":"Shaded","section":"Shading Mode"},"sceneLighting":true,"audioPlay":false,"sceneViewState":{"showFog":true,"showMaterialUpdate":false,"showSkybox":true,"showFlares":true,"showImageEffects":true,"showParticleSystems":true},"in2DMode":false,"pivot":{"x":169.14901733398438,"y":-20.087120056152345,"z":138.28746032714845},"rotation":{"x":0.12619426846504212,"y":-0.12169429659843445,"z":0.01560066919773817,"w":0.984390139579773},"size":137.97622680664063,"orthographic":false}