{"cameraMode":{"drawMode":0,"name":"Shaded","section":"Shading Mode"},"sceneLighting":true,"audioPlay":false,"sceneViewState":{"showFog":true,"showMaterialUpdate":false,"showSkybox":true,"showFlares":true,"showImageEffects":true,"showParticleSystems":true},"in2DMode":false,"pivot":{"x":5.188985824584961,"y":-1.236098289489746,"z":3.0578527450561525},"rotation":{"x":0.2554074823856354,"y":-0.3914853632450104,"z":0.11405930668115616,"w":0.8766450881958008},"size":11.80628776550293,"orthographic":false}