{"cameraMode":{"drawMode":0,"name":"Shaded","section":"Shading Mode"},"sceneLighting":true,"audioPlay":false,"sceneViewState":{"showFog":true,"showMaterialUpdate":false,"showSkybox":true,"showFlares":true,"showImageEffects":true,"showParticleSystems":true},"in2DMode":false,"pivot":{"x":233.18392944335938,"y":-13.778289794921875,"z":98.05538940429688},"rotation":{"x":0.3295876085758209,"y":-0.15203331410884858,"z":0.053865283727645877,"w":0.9302502870559692},"size":263.4305725097656,"orthographic":false}