{"cameraMode":{"drawMode":0,"name":"Shaded","section":"Shading Mode"},"sceneLighting":true,"audioPlay":false,"sceneViewState":{"showFog":true,"showMaterialUpdate":false,"showSkybox":true,"showFlares":true,"showImageEffects":true,"showParticleSystems":true},"in2DMode":false,"pivot":{"x":536.5281982421875,"y":15.018367767333985,"z":136.1547393798828},"rotation":{"x":0.02692503109574318,"y":-0.0728069618344307,"z":0.001966260140761733,"w":0.9969813227653503},"size":112.36982727050781,"orthographic":false}