{"cameraMode":{"drawMode":0,"name":"Shaded","section":"Shading Mode"},"sceneLighting":true,"audioPlay":false,"sceneViewState":{"showFog":true,"showMaterialUpdate":false,"showSkybox":true,"showFlares":true,"showImageEffects":true,"showParticleSystems":true},"in2DMode":false,"pivot":{"x":490.623046875,"y":-13.293082237243653,"z":194.46212768554688},"rotation":{"x":0.05688609182834625,"y":-0.05388600751757622,"z":0.00307483715005219,"w":0.9969208240509033},"size":109.6812515258789,"orthographic":false}