{"cameraMode":{"drawMode":0,"name":"Shaded","section":"Shading Mode"},"sceneLighting":true,"audioPlay":false,"sceneViewState":{"showFog":true,"showMaterialUpdate":false,"showSkybox":true,"showFlares":true,"showImageEffects":true,"showParticleSystems":true},"in2DMode":false,"pivot":{"x":535.11865234375,"y":7.578275203704834,"z":-0.45253777503967287},"rotation":{"x":0.055457405745983127,"y":0.022463330999016763,"z":-0.0012482169549912215,"w":0.9982079863548279},"size":18.002119064331056,"orthographic":false}