{"cameraMode":{"drawMode":0,"name":"Shaded","section":"Shading Mode"},"sceneLighting":true,"audioPlay":false,"sceneViewState":{"showFog":true,"showMaterialUpdate":false,"showSkybox":true,"showFlares":true,"showImageEffects":true,"showParticleSystems":true},"in2DMode":false,"pivot":{"x":0.874267578125,"y":5.610595703125,"z":-2.732421875},"rotation":{"x":0.07742839306592941,"y":-0.11192144453525543,"z":0.008747609332203865,"w":0.9906565546989441},"size":7.370157718658447,"orthographic":true}