{"cameraMode":{"drawMode":0,"name":"Shaded","section":"Shading Mode"},"sceneLighting":true,"audioPlay":false,"sceneViewState":{"showFog":true,"showMaterialUpdate":false,"showSkybox":true,"showFlares":true,"showImageEffects":true,"showParticleSystems":true},"in2DMode":false,"pivot":{"x":16.747909545898439,"y":6.755672454833984,"z":-2.1588058471679689},"rotation":{"x":0.20286814868450166,"y":0.10552258044481278,"z":-0.021995292976498605,"w":0.9732569456100464},"size":40.08974838256836,"orthographic":false}