{"cameraMode":{"drawMode":0,"name":"Shaded","section":"Shading Mode"},"sceneLighting":true,"audioPlay":false,"sceneViewState":{"showFog":true,"showMaterialUpdate":false,"showSkybox":true,"showFlares":true,"showImageEffects":true,"showParticleSystems":true},"in2DMode":false,"pivot":{"x":-5.976302146911621,"y":8.947793960571289,"z":4.603121757507324},"rotation":{"x":0.04647647961974144,"y":0.017082368955016137,"z":-0.0007949848077259958,"w":0.998773992061615},"size":16.87113380432129,"orthographic":false}