{"cameraMode":{"drawMode":0,"name":"Shaded","section":"Shading Mode"},"sceneLighting":true,"audioPlay":false,"sceneViewState":{"showFog":true,"showMaterialUpdate":false,"showSkybox":true,"showFlares":true,"showImageEffects":true,"showParticleSystems":true},"in2DMode":false,"pivot":{"x":592.0468139648438,"y":-27.76146697998047,"z":109.02093505859375},"rotation":{"x":0.15684978663921357,"y":-0.0029631603974848987,"z":0.00047461476060561836,"w":0.9876226782798767},"size":127.2694320678711,"orthographic":false}