{"cameraMode":{"drawMode":0,"name":"Shaded","section":"Shading Mode"},"sceneLighting":true,"audioPlay":false,"sceneViewState":{"showFog":true,"showMaterialUpdate":false,"showSkybox":true,"showFlares":true,"showImageEffects":true,"showParticleSystems":true},"in2DMode":false,"pivot":{"x":376.014892578125,"y":12.048614501953125,"z":267.6922607421875},"rotation":{"x":0.05388146638870239,"y":0.058381419628858569,"z":-0.003155696438625455,"w":0.9968343377113342},"size":365.5872497558594,"orthographic":false}