{"cameraMode":{"drawMode":0,"name":"Shaded","section":"Shading Mode"},"sceneLighting":true,"audioPlay":false,"sceneViewState":{"showFog":true,"showMaterialUpdate":false,"showSkybox":true,"showFlares":true,"showImageEffects":true,"showParticleSystems":true},"in2DMode":false,"pivot":{"x":9.063798904418946,"y":23.10188102722168,"z":-12.731464385986329},"rotation":{"x":0.14386506378650666,"y":-0.12286661565303803,"z":0.018004344776272775,"w":0.981776237487793},"size":12.944653511047364,"orthographic":false}