{"cameraMode":{"drawMode":0,"name":"Shaded","section":"Shading Mode"},"sceneLighting":true,"audioPlay":false,"sceneViewState":{"showFog":true,"showMaterialUpdate":false,"showSkybox":true,"showFlares":true,"showImageEffects":true,"showParticleSystems":true},"in2DMode":false,"pivot":{"x":45.769073486328128,"y":7.073574066162109,"z":24.40998077392578},"rotation":{"x":0.14478760957717896,"y":-0.05192125216126442,"z":0.007608339656144381,"w":0.9880713820457459},"size":69.01174926757813,"orthographic":false}