{"cameraMode":{"drawMode":0,"name":"Shaded","section":"Shading Mode"},"sceneLighting":true,"audioPlay":false,"sceneViewState":{"showFog":true,"showMaterialUpdate":false,"showSkybox":true,"showFlares":true,"showImageEffects":true,"showParticleSystems":true},"in2DMode":false,"pivot":{"x":319.4080810546875,"y":182.4458770751953,"z":1.185516357421875},"rotation":{"x":-0.01499937754124403,"y":0.0029996486846357586,"z":0.0000449983162980061,"w":0.999882698059082},"size":214.12181091308595,"orthographic":false}