{"cameraMode":{"drawMode":0,"name":"Shaded","section":"Shading Mode"},"sceneLighting":true,"audioPlay":false,"sceneViewState":{"showFog":true,"showMaterialUpdate":false,"showSkybox":true,"showFlares":true,"showImageEffects":true,"showParticleSystems":true},"in2DMode":false,"pivot":{"x":8.324190139770508,"y":20.913450241088868,"z":19.51027488708496},"rotation":{"x":-0.0044722845777869228,"y":-0.11077141761779785,"z":-0.0004986552521586418,"w":0.9938382506370544},"size":46.94874572753906,"orthographic":false}