{"cameraMode":{"drawMode":0,"name":"Shaded","section":"Shading Mode"},"sceneLighting":true,"audioPlay":false,"sceneViewState":{"showFog":true,"showMaterialUpdate":false,"showSkybox":true,"showFlares":true,"showImageEffects":true,"showParticleSystems":true},"in2DMode":false,"pivot":{"x":529.1702270507813,"y":-53.107845306396487,"z":165.34628295898438},"rotation":{"x":-0.11513759195804596,"y":0.04260816052556038,"z":-0.004943080246448517,"w":-0.9924283623695374},"size":423.6256103515625,"orthographic":false}