{"cameraMode":{"drawMode":0,"name":"Shaded","section":"Shading Mode"},"sceneLighting":true,"audioPlay":false,"sceneViewState":{"showFog":true,"showMaterialUpdate":false,"showSkybox":true,"showFlares":true,"showImageEffects":true,"showParticleSystems":true},"in2DMode":false,"pivot":{"x":540.5518188476563,"y":7.751829624176025,"z":-2.0704126358032228},"rotation":{"x":0.04624311998486519,"y":0.2664242088794708,"z":-0.012798381969332695,"w":0.9626612663269043},"size":5.816332817077637,"orthographic":false}