{"cameraMode":{"drawMode":0,"name":"Shaded","section":"Shading Mode"},"sceneLighting":true,"audioPlay":false,"sceneViewState":{"showFog":true,"showMaterialUpdate":false,"showSkybox":true,"showFlares":true,"showImageEffects":true,"showParticleSystems":true},"in2DMode":false,"pivot":{"x":125.17923736572266,"y":11.02531623840332,"z":2.9727284908294679},"rotation":{"x":0.3295876085758209,"y":-0.15203331410884858,"z":0.053865283727645877,"w":0.9302502870559692},"size":5.402960777282715,"orthographic":false}