{"cameraMode":{"drawMode":0,"name":"Shaded","section":"Shading Mode"},"sceneLighting":true,"audioPlay":false,"sceneViewState":{"showFog":true,"showMaterialUpdate":false,"showSkybox":true,"showFlares":true,"showImageEffects":true,"showParticleSystems":true},"in2DMode":false,"pivot":{"x":178.72232055664063,"y":45.79896926879883,"z":45.68505859375},"rotation":{"x":0.0507618673145771,"y":0.09185193479061127,"z":-0.004688595421612263,"w":0.9944677948951721},"size":162.4695281982422,"orthographic":false}